word,q90_score
OC3000X2000,5343
FOXANDFRIENDS,5306
SPEEDWAGONS,4223
HAYASAKA,3980
1080X1350,3639
EARTH-CHAN,3436
HOLOFAN,3373
SOUKA,3325
YURIFICATION,3273
LAIFU,2569
OKEEFE,2498
2DGT3D,2369
DONKTUM,2357
STEPDAUGHTER,2206
NON-CITIZENS,2201
RELLA,2184
YUNYUN,2162
KAZUMA,2154
OAKMONT,2124
FOXNEWS,2111
FITTON,2066
YEARN,2021
33000,1992
HEADPAT,1980
SCALISE,1927
ONEE-SAN,1914
GUNDAY,1870
MEME-O,1864
KOTO,1856
VERITAS,1805
SNET,1781
OANN,1725
FADEAWAY,1682
F-MEGA,1663
BENGHAZI,1656
TOHRU,1648
MOLTO,1641
STRATTON,1628
PARSCALE,1628
WANAKA,1611
NICEU,1590
CHARANIA,1585
FAVREAU,1582
FIVE-YEAR,1579
POPOVICH,1573
POST-MATCH,1569
TELECOM,1560
LEWENBERG,1532
REDPILLS,1529
AWOO,1506
FOXX,1505
TRAPDOORS,1485
FURDIK,1469
CLINCHED,1465
POSOBIEC,1460
THEATHLETICNBA,1456
MARJANOVIC,1426
RASMUSSEN,1406
CLOUD9,1399
JONATHANS,1383
IMOUTO,1369
OVATION,1368
DAOU,1363
COSPLAYED,1363
CARPE,1360
MACMAHON,1354
DULY,1348
BREADLINE,1334
RIMURU,1317
MEGUMIN,1314
POLPO,1311
WINDHORST,1309
GAETZ,1308
ROSEANNE,1308
NEZUKO,1303
OHR,1276
WOJNAROWSKI,1276
KONOSUBA,1274
SHIROGANE,1262
JAPANIZING,1256
4000X5000,1249
REDPILLING,1248
SOAKER,1246
HAYNES,1240
JUDICIAL,1239
JEANINE,1239
NAVAJO,1231
CHERYL,1219
1-0,1211
IMAM,1209
F45,1208
FLAGRANT,1200
FLOTUS,1193
REDICK,1191
CLINTONBODYCOUNT,1189
GIGGUK,1175
AMICK,1171
MYA-NEE,1169
GROENING,1168
KAEDE,1157
CURSEDJESUS,1140
RENNER,1107
BOBAN,1103
NUNES,1087
PAPASMITHY,1085
GOWDY,1084
2-1,1084
BRITANNIA,1077
LAGO,1074
HAMON,1069
TWO-YEAR,1068
HOLED,1062
SATANIA,1061
ELIJAH,1059
CORALS,1057
KOBAYASHI,1055
THREE-YEAR,1052
ESCORTED,1048
DEFUND,1044
TWOW,1039
MISTAS,1032
PASSIONE,1031
SKIPPERS,1028
ARAKI,1028
HEADPATS,1027
OLAJUWON,1025
ALYSSA,1025
GREGG,1022
RECUSE,1022
PANGOLIN,1017
FLYQUEST,1011
PURIFICATION,1009
WEISSMANN,1002
UNCOVERS,998
INTROSPECTION,991
BABYLON,990
FRYE,990
MIDLER,989
CONGRESSWOMEN,989
IVICA,983
PIRRO,983
GARRISON,982
STRZOK,974
GIRATINA,965
250M,964
BOSSLOGIC,961
BEVERLEY,959
OCONNOR,956
TREASONOUS,956
KATHY,953
WHITAKER,953
BARKED,949
IROH,947
PAPADOPOULOS,946
FEINSTEIN,944
SOMALIAN,942
1500X1000,933
TSN,933
GENTRY,933
FISA,928
CUMMINGS,928
CASTROS,925
DIANNE,924
BTFO,922
SENKO,921
COMMITTEES,921
TORA,916
DATTO,913
MUMBLING,911
PJW,910
RIGGING,909
LIMBAUGH,909
CHISELS,908
ONE-YEAR,908
LORETTA,907
RMADEMESMILE,906
JOTAROS,901
IMPLICATED,900
SCHITT,896
FLOWCHART,892
TEXTLESS,891
O7,888
FLYNNS,888
ARA,886
TSUNDERE,884
MCCABE,880
NIGERUNDAYO,878
DESANTIS,875
SCHIFF,870
ARRIVEDERCI,867
POUT,865
RATCLIFFE,865
SECOND-ROUND,864
REDPILLED,863
SK,862
KELLYANNE,860
PROFITS,859
NICU,855
KARL-ANTHONY,855
MACHAMP,854
COLLUDE,854
SCHIFFS,852
T1,849
BRAZILE,849
BRIEFED,847
COSPLAY,847
VOTER,845
BLEXIT,844
AUREO,844
HUFFPO,844
SHELBURNE,843
CROCHETED,842
KINGZONE,842
MCCABES,839
LOREN,839
PERJURY,838
TYRELL,837
MIYAMOTO,834
SCRUBBED,833
LANDRY,833
SHAMET,833
VENEZIA,831
COMEY,830
SEDITION,829
JIHADIST,825
OLENNA,822
TRUCK-KUN,822
LAPRAS,821
SCHALKE,820
ZUBAC,819
HAYATO,818
DOJ,814
GRASSLEY,810
MILANO,810
KOMI,806
SOMALI,805
BALLMER,804
2-2,803
TESTIFYING,803
REFERRALS,801
DOBBS,801
NARANCIA,799
BARKLEY,798
BOGUT,790
AFREECA,788
SPIED,787
HOROWITZ,785
SPACEBALLS,783
ACQUITTED,781
JOLYNE,779
JOSUKES,779
COMEYS,779
DWANE,778
ORIGEN,778
1863,777
18-YEAR-OLD,777
RTUMBLR,776
LOFOTEN,775
BRIGADERS,773
DUSTO,773
NGOS,772
INFORMANT,772
SANDMANN,770
PATRIOT,766
URGED,765
JOAKIM,763
PODESTA,763
3000X2000,759
GIOGIO,759
CANTERBURY,758
STEPBACK,756
STANDO,754
HAMAS,753
DIRK,752
BONTEMPS,752
DECLASSIFY,750
NYTIMES,747
AVDOL,746
EMBIIDS,745
KAVANAUGH,745
B-BAKA,744
NAOFUMI,741
BRAVER,738
MELANIA,737
JUSUF,736
900000,735
ILHAN,732
GIULIANI,732
3200,732
KORVER,732
MALKIN,732
CLAPTON,731
MIFSUD,731
DOSSIER,730
WAIVERS,729
NADLERS,727
INDICT,725
HEEE,725
MEGATHREAD,723
PERPETRATED,721
SILVERMAN,721
MASAI,721
NOTIFIES,721
TURNOVERS,719
UJIRI,719
AG,718
NOWITZKI,717
TOWERTHOUGHT,717
LUDICOLO,716
CURSEDFUNERAL,716
DOUBLELIFT,715
BOOED,714
CHEMOTHERAPY,714
OMAR,714
PEROT,713
RAND,713
4-YEAR-OLD,712
OPPAI,712
LAMARCUS,711
CBS,709
GOLDSBERRY,707
DRIL,707
KIRAS,706
BIG3,706
KAKYOIN,704
CURSEDSHOWER,703
JOESTARS,703
BRUNOS,701
IMAN,701
SENKO-SAN,700
UNRAVELING,699
STEELE,697
RETWEETED,697
STAFFER,696
SOARS,696
ROSENSTEIN,696
DOLOMITES,696
CAIR,693
EWING,689
TLAIBS,689
ABRACADABRA,688
RADICALIZING,686
MARGAERY,685
RLIBERTARIAN,684
FIRST-ROUND,683
IRVINGS,683
MIROTIC,679
PROPAGANDISTS,679
CRENSHAW,677
ILLITERACY,676
MIDA,676
ABBACCHIO,675
REALDONALDTRUMP,674
BAYNES,673
CLAPPER,673
UGEDI-KOR,673
F41,673
COREJJ,673
BRIGADED,673
ROLSTER,672
INCITING,672
BRENNAN,672
HILLARYS,671
FORBIDDING,670
ISEKAID,670
CHROMO,668
JOSUKE,666
TRISH,663
GANGULI,663
KARAMJA,663
ISEKAI,661
CURSEDMASTURBATION,661
COLLUDING,661
PAPERCRAFT,659
DUWANG,658
PEDE,657
OKUYASU,654
UNSEALED,654
TORTERRA,654
FLYNN,654
PROSECUTOR,652
CASTILLO,652
BULLI,651
MOLLIE,651
SLATER,649
WRAY,648
HON,648
TWOSDAY,646
UNPARALLELED,645
RAPHTALIA,644
GASOL,644
DEAARON,643
GYARADOS,643
WELCH,643
MCALEENAN,643
ZIGZAGOON,641
OBSTRUCTING,639
FLOATER,639
DECEPTIVELY,639
SPLYCE,636
KERRY,635
OCART,635
COPAGANDA,634
SPYGATE,634
STROHEIM,634
SADAME,634
MOSHI,633
WOMP,633
POLNAREFF,631
ILLEGALS,630
TRAFFICKERS,630
FOUR-YEAR,628
SADIQ,628
WINONA,627
LILLARDS,626
BEEKEEPER,626
AMBASSADORS,625
TRAITOROUS,624
NXIVM,623
HIELD,622
PHONY,622
TACKO,620
SCHLOP,620
BOSSU,618
CHIKAS,618
HOUSTONS,618
MORIOH,617
TESTIFIED,616
GALLUP,615
DINESH,615
FBIS,614
PERKZ,613
OCHOMEBREW,612
BUCCIARATI,610
ELON-CHAN,610
MORYTANIA,610
NURKIC,610
VANVLEET,608
7-YEAR-OLD,607
COVER-UP,607
ITADAKIMASU,607
SALVINI,606
ANTETOKOUNMPO,606
DEFLECTING,604
BLUSHES,603
LYNCHING,602
SUSPENDS,600
KERR,600
LUE,600
FARIED,599
KAGUYA,599
EXONERATED,598
JOESTAR,597
CANMORE,597
NUR,597
BARR,597
USMCA,597
CARLSON,596
GREENPEACE,595
RE-SIGNING,595
SARSOUR,594
AKAADIAN,594
COACHED,593
ADIRONDACKS,592
BALLOTS,591
NYPD,590
VITALITY,589
EEVEELUTION,589
MISFITS,588
OINGO,587
LEWDING,587
MAZA,587
MEADOWS,586
YOSHIKAGE,586
FOIA,585
MUSSOLINIS,584
KRISTAPS,584
256,582
LINDSEY,580
TEX,580
SEMI-FINAL,580
RCTH,578
GHIACCIO,577
DEMARCUS,577
EEVEELUTIONS,576
CLINTON,573
JOBROS,573
FUGO,573
POWAH,573
COMMIEFORNIA,572
OMARS,572
INFOGRAPHIC,572
FEIGEN,571
CONGRESSMAN,570
TROT,570
BOOKCASE,569
YUGE,569
3-POINT,568
JOSS,568
PICKET,568
VALANCIUNAS,568
DAMWON,568
STEIN,567
MACRONS,566
TANYA,564
SUNSHOT,562
KANTER,561
ARMENIANS,560
HARRISS,559
BUCCELLATI,557
DEPLATFORMED,557
EXONERATE,556
BUREAUCRATS,555
ENTRAPMENT,555
OAN,554
EXEC,553
SOURCES,553
ESPN,553
CIVILITY,553
DURRR,552
DRAYNOR,550
WAIVED,550
DSOUZA,550
SEMPAI,549
KOICHI,548
YARE,548
HONDURAN,547
EMBIID,545
SPEEDWAGON,544
DEMPS,544
ONII-CHAN,543
AVERAGING,543
LOB,543
UNVERIFIED,543
OPTIC,542
OC3024X4032,541
DEPORTATION,541
MORAINE,541
THON,540
ISHIGAMI,540
MEMOS,539
COVINGTON,538
NAACP,538
SARAH,537
LEC,537
PAU,537
REDPILL,536
ODOM,535
MALTY,534
JOKICS,531
FAROE,530
CLINTONS,530
HUCKABEE,529
ACLU,529
DAMIAN,528
MIKYX,528
700000,528
INFRINGED,528
137,527
FARCE,527
DISCREDITED,526
DINWIDDIE,526
CORVIKNIGHT,526
LOWE,524
NAVARRO,524
OBSTRUCTION,524
KEVON,524
OBERLIN,524
GWENDOLINE,523
ARAKIS,523
DNC,522
INFANTICIDE,522
PUTBACK,522
10-DAY,521
NIKOLA,521
BUDENHOLZER,521
HOGG,520
GAME-WINNER,520
DONOVAN,519
2000X1333,519
MCGRADY,518
GARDEVOIR,518
DJT,518
ROCKWELL,518
0BAMA,517
CORGO,516
RAVAGER,516
SNOPES,516
RETWEETING,516
WAIFUS,515
RNC,515
CLIPPY,515
ALDRIDGE,515
STUNNER,514
SUZIE,514
PELOSIES,514
ALL-NBA,513
MEXICOS,513
JAKUB,513
CURSEDNUT,512
HENRI,512
TRAFFICKER,510
THIEL,510
KASHUV,510
TRAE,510
JOHNSTON,510
ADVERSARY,509
PELOSIS,509
ADMITS,509
FUKUSHIMA,508
CHARLIZE,508
11-YEAR-OLD,507
NICHOLS,507
ATKINSON,506
LUMBRIDGE,505
ITALYS,505
BAKA,505
THUNDERCRASH,504
LAYUP,504
LOOMER,502
GENG,501
TARMAC,500
LYNCH,500
AIDING,500
SIGN-AND-TRADE,500
PPG,500
BROWARD,499
IBAKA,499
HUFFINGTON,498
FEC,498
STONETOSS,498
PASCAL,497
SUNDRESS,496
DOPPIO,496
ROHAN,496
CARTOONIST,495
CHANTS,494
INCITEMENT,494
BERMAN,493
PROSECUTE,493
EXIS-,493
CRUZ,492
INVESTIGATE,492
JUSTINE,492
SHIELDED,492
THAD,491
SR3,491
YOUNGINS,491
NEWSOM,491
PELINKA,490
PRESSER,490
BRUTALIST,490
REBOUNDS,489
KAMALA,489
YOUNGS,488
HEPBURN,488
YOSEMITE,488
MAR-A-LAGO,487
MENACINGLY,487
DORO,487
VENTO,487
ACOSTA,487
RSHITPOSTCRUSADERS,486
LCK,486
COUNSEL,485
GENGAR,485
INVICTUS,484
HILLARY,484
LOCKHEED,483
IGUODALA,483
WORSHIPERS,483
SAVAGERY,483
KOMI-SAN,482
GIELINOR,482
DESU,481
REAGANS,481
WOLFE,480
ERWIN,480
JOTARO,479
GESTAPO,479
TAXPAYER,479
JUDD,478
JMOD,478
ANIMEMES,478
FULL-BLOWN,478
MILWAUKEE,478
RAGRETS,477
ZHANG,477
PILLING,476
JEFFERSON,476
ROMNEY,476
HANNITY,476
NGO,476
LOLICE,476
ERICA,475
HEIRESS,475
RUDD,475
FAINTS,475
FNATIC,475
DAZE,475
WHOLESOME,474
AMASH,474
HAYLEY,473
TUCKER,473
INTERNMENT,473
G2,472
AND-1,472
JOKIC,472
CAUSEWAY,471
LEVIN,471
DONI,470
NERLENS,469
ACAB,468
HRC,468
DRIVE-BY,468
JR,468
DEPORTATIONS,467
ARTOC,467
PARTNERSHIPS,467
CAPES,466
HUDDLE,466
GOVERNOR,466
INDICTED,466
NELLIE,465
BALTIMORE,464
APPOINTS,464
TESTIMONY,463
RIDDANCE,463
JERAX,461
CARLISLE,460
19-YEAR-OLD,460
WHOLESOMENESS,460
EXIS,460
PUPPEY,460
SAINTED,459
DISINFORMATION,459
PROSECUTORS,458
SUPERFAN,458
COLLUSION,457
CONNELLY,456
WUNDER,456
F42,456
INVESTIGATION,456
ALLEY-OOP,455
SCHEIE,455
ESPEON,454
DENOUNCING,454
MCKELLEN,453
CALIF,452
MARC,452
INVESTIGATED,451
ARIGATO,451
CHER,451
CARTER,450
ONOFF,450
JANKOS,449
KELSEY,449
MSNBCS,449
DENDI,448
MSM,448
BROOK,447
OBSTRUCTED,447
PLAY-IN,447
UNHINGED,447
WHITESIDE,447
REZERO,447
DIANE,446
SHAXX,446
VARROCK,445
CHECKMARK,445
ASSISTS,443
GALARIAN,443
PPD,443
JONATHAN,443
OVA,443
POSTERIZES,442
DIGENOVA,442
OUTSTANDING,442
CLEESE,442
DEVIN,442
3024X4032,442
ANTI-AMERICAN,441
HANDO,441
HAULED,441
TRASHIER,440
SHITHOLES,440
SIAKAM,440
PEREGRINE,439
BOSH,439
DOXING,439
BORGAR,439
DEMOCRAT,439
RDJ,438
LMAOOOO,438
MARCHED,437
TWATTER,436
STITCHED,435
MOLTRES,435
SIKHS,435
OUST,435
THERON,435
COUP,434
REB,433
YIANNOPOULOS,433
3PT,433
TREY,432
LOWRYS,429
DOMREDDIT,429
CNN,429
CURSEDPOKEMON,429
KRASSENSTEINS,429
PRATT,429
MONTREZL,429
WORSHIPPERS,428
UNPLANNED,427
AQUA,427
COONMAN,427
WHISTLEBLOWER,427
ECONOMIST,427
RADICALIZED,426
OTTER,426
F43,426
HOAX,425
HARRELL,425
LECTURING,424
SHARPTON,424
TERRORIZED,423
IMMORTALIZED,423
PROTECC,423
SOYBOYS,423
SOPH,422
WAPO,422
SENATOR,422
ELON-SAN,421
FLAMMENWERFER,421
RUFFALO,421
PRAGERU,420
DEMOCRATS,420
DEPLORABLES,420
OROURKES,420
MOCK-UP,419
CONSPIRED,419
5-YEAR,419
LANDSLIDE,419
SONYA,418
BAGLEY,417
CANYONLANDS,417
JOSEPHS,417
DETAIN,416
SHILLS,416
GIOVANNA,416
DEMS,416
GIORNO,416
BEASLEY,416
BROXAH,416
PULITZER,415
PODRACING,415
NANCYS,414
DRAYMOND,412
TERRENCE,412
MAGA,412
HEYA,411
VULT,411
BOINGO,411
WEAPONIZED,411
LILLARD,411
CAINE,410
ASSAULTS,410
PALI,409
PKERS,409
JW,409
LOLITA,409
CONGRESSWOMAN,409
CURSEDCHILD,408
CRYIN,408
WISTERIA,408
COLLUDED,407
BOSTONS,407
INVESTIGATING,407
HECKLED,407
WOHL,407
FRONTMAN,406
SYLVEON,406
ANTIFA,406
GEOTUS,406
SALUTES,406
OREGONS,405
BRET,405
FARAGE,405
CANDICE,405
CURSEDPENIS,404
PENCES,404
MSNBC,404
CORRESPONDENT,404
AZTEC,404
GANGSTAR,403
UNDERWENT,403
ADLER,403
WEBB,403
BOMBSHELL,402
GIORNOS,402
OBAMAS,402
CALIPHATE,401
SHARIA,401
CHIKA,401
KHRIS,400
BUTTIGIEGS,400
WEIMAR,400
CAREER-HIGH,400
SEMPLE,400
MISTA,400
LESIONS,400
REPORTER,399
EJECTED,399
ALL-STAR,399
HONDURAS,399
SOMALIA,398
3-2,398
BEGLEY,397
CONLETH,397
GUNSMITH,397
DEPORTING,395
FISCHER,395
COHENS,394
ORGS,394
PARENTHOOD,394
ZEPPELI,393
POTUS,393
EXCELSIOR,393
LOZ,393
RINOS,392
COYOTES,392
JATT,392
BUYOUT,392
3-POINTERS,392
HAHAHAHAHAHAHA,392
MAYOR,392
PIGTAILS,391
HARDAWAY,391
URGING,391
CARUSO,391
OFFICIALS,390
DANTONI,389
OPERATIVE,389
CANNOLI,389
INVESTIGATIVE,388
CONGRESSIONAL,387
SMIRKS,387
STAFFERS,387
LUCILLE,387
RUDY,387
CANDACE,387
UNREDACTED,387
PATTING,387
POLITICO,386
SLAYS,386
HAKEEM,386
JEONG,386
EMPLOYING,386
EXPOS,386
CURSEDPORN,386
EXAMINED,386
DIOS,385
CROTA,385
KAGUYA-SAMA,384
PEDES,384
TRUMP-RUSSIA,384
KANTO,384
4000X6000,383
WEEZING,383
SMOLLETT,383
ANTI-TRUMP,383
TRANSCRIPTS,383
F44,383
FBI,382
SUES,382
3P,382
15HR,382
HEADBUTT,382
POST-GAME,381
LUCIOS,381
DANGELO,381
PUCCI,381
PRAISES,380
CENSUS,380
POMPEO,380
TD,380
WOODCUTTING,379
QUOKKA,379
GOBERT,379
SMOLLETTS,378
ARON,378
JAYLEN,378
0-1,378
AST,377
RESIGNS,377
MOREY,377
DEMONRATS,377
GAME-WINNING,376
VINDICATED,376
NYT,375
COHEN,375
GOODBOY,374
VOTERS,374
EMILIAS,374
SEMI-FINALS,374
SCOTUS,374
RE-ELECTION,374
FONDLING,374
COMMITTEE,373
INVOKING,373
MAHER,373
ACCELERANTS,373
10-YEAR-OLD,373
PERLER,372
HOMAN,372
WATASHI,372
NOTHER,372
GLOBALIST,372
SKADOOSH,372
NOTAIL,372
RETALIATED,371
WIKILEAKS,371
MEDDLE,371
PARTON,371
ALLEGING,370
IKORA,370
PRIMETIME,370
GHISLAINE,370
JENSEN,370
APG,370
TRAFFICKING,369
302,369
JOSEPH,369
CURSEDALABAMA,369
TESTIFY,368
BIGLY,368
TRIPLE-DOUBLE,367
DISGRACED,367
PRISMARINE,367
COMPLICIT,367
OVERSTOCK,367
SPYING,367
MITT,366
PORZINGIS,366
BUTTERCREAM,366
KLUTCH,366
REP,365
RCRINGEANARCHY,365
MATU,364
WHA-,364
HAUNTER,364
CONTESTED,364
SANCTUARY,364
KIRSTEN,364
MATTEO,363
FAKENEWS,363
DIK,363
REDWOOD,363
TREMENDOUS,363
CONGRESSMEN,362
ANTISEMITIC,362
NORTHAM,362
SIKH,362
OKAFOR,362
MARKKANEN,362
THREES,362
KAG,362
1907,362
CONGRESS,362
DEANDRE,361
DAP,361
THEHILL,361
ACCUSER,361
TURNTABLES,361
DERSHOWITZ,361
TLAIB,361
RICHARDSON,360
FILO,360
OATH,360
CORBYN,360
LOWRY,359
DEPLOYS,359
NORTHAMS,359
AKRON,359
DACA,359
CALIFORNIAS,359
TIEFLING,358
SANDCASTLE,358
MAVERICKS,358
CURSEDCOMMENT,358
1928,358
BRIBES,358
R2007SCAPE,357
76ERS,357
MANAFORT,357
HALPER,357
BARRETT,356
1210,356
DEMAR,356
TENTATIVE,356
PATAGONIA,356
CARAVANS,356
JANIS,355
LARGE-SCALE,355
DECLAS,355
HIGH-PROFILE,355
CURSEDSEX,355
D23,355
OUBRE,354
PRESTI,354
CHAIRMAN,354
THURMAN,354
ANTI-WHITE,354
FRAZIER,354
CHEMO,354
PROSECUTION,353
RANIMEMES,353
JARRETT,353
COUNSELS,353
RAHM,353
UHOLOFAN4LIFE,353
HIGHLANDS,352
PERP,352
KAKYOINS,352
CHOTTO,352
SEMIFINALS,352
WOJTEK,352
JAVALE,351
HAYDEN,351
WALKAWAY,351
RASHIDA,351
NAE-NAED,350
LIBERIA,350
SPLC,350
LIVINGSTON,350
SPRAIN,350
MCCAIN,350
GRIZZLIES,350
ARCANINE,350
BYRNE,349
ALDRIN,349
INDICTMENT,349
PACERS,349
PYTHAGORAS,349
1862,349
EPSTEINS,349
EXI,349
SHITHOLE,348
DISCHARGED,348
OPERATIVES,348
90TH,348
BALTIMORES,348
ANDREWS,348
KATZ,348
MISDEMEANORS,347
TOWNSEND,347
JMODS,347
SAVAGELY,347
LORENZO,347
ZAVALA,347
INGLES,347
FORG1VEN,346
PRESUMED,346
MILKSHAKES,346
HONEYBEES,346
SHAUN,346
PUNITIVE,345
SMUGGLED,345
SYNCHRONIZE,344
CARROLL,344
PLITVICE,344
JAYSON,343
MENACING,343
RESIGN,343
BLEDSOE,343
CREWS,343
BLK,343
INFIDEL,343
OWENS,343
DAYTON,342
WOOKIEES,342
JOURNALIST,342
LEVERT,342
DEPORT,342
HARRIS,342
COMMANDING,341
CURRYS,341
MONONOKE,341
SOLIDARITY,341
VENUSAUR,341
YAO,340
RYDER,340
ROWAN,340
DENOUNCED,340
CLINCH,340
GORKA,340
LOPEZ,340
ROGER,339
ABBACHIO,339
3-YEAR,339
BLUMENTHAL,339
RADIAL,339
GUAID,338
DECLASS,338
PARRY,338
FORGIVES,338
TAIKA,338
CURSEDCUM,337
RAJON,337
SHE-HULK,337
16-YEAR-OLD,337
VANDALIZING,337
KREMLIN,337
PERKINS,336
CONWAY,336
HIJAB,336
CAPELA,336
MITCHELL,336
SILVESTRI,336
POLLING,335
CNNS,335
SOLVER,335
WOOX,335
F18,335
POSTGAME,334
DEPUTY,334
NUKA,334
HAMMERS,334
MCCAINS,334
GINSBURGS,334
GRAHAM,333
LENTICULAR,333
MUELLER,333
LAWMAKER,333
PROMPTING,333
APPROVAL,333
TREASON,333
NHENTAI,333
CUOMOS,333
NADLER,332
EXERCISED,332
YAHOO,332
HELENS,332
TIFA,332
WARLORDS,332
SPECULATED,332
NANCY,332
SUBPOENAED,332
CUBONE,331
QUARTET,331
FEM,331
WARRANTS,331
CPAC,331
JUSSIE,330
MENAKER,330
CROOKED,330
IRVING,330
ISLAMISTS,330
POKEDEX,330
MORPEKO,330
DIGNITY,330
PORTLAND,330
WESTBROOKS,329
PROVISION,329
LARA,329
BOJAN,329
BATTLEMAP,328
SEJUANI,328
DEPORTED,328
HORFORD,328
DIORAMA,328
GUTHIX,327
LCS,327
PLUNGED,327
LEFTISTS,326
SETH,326
DOCUMENTS,326
COURTEOUS,326
OCELOT,326
NANCE,326
SHEILA,325
FOULED,325
CHATTANOOGA,325
1880,325
CHECKMATE,325
PELOSI,325
KIERAN,325
LEWD,325
AURAS,324
RE-SIGN,324
DIALGA,324
ISLAMIST,324
NESSA,324
SPINELESS,324
STUBBY,324
MCMENAMIN,323
PILLED,323
NABOO,323
CORRESPONDENCE,323
BLAKE,323
VOGEL,322
MUELLERS,322
DISGRACEFUL,322
ADMINISTRATIONS,322
UNPRECEDENTED,321
FOULS,321
MOHAMMAD,321
SOROS,321
HUMPHREY,320
BREWER,320
SMOLLET,320
CHOVY,320
MEIS,320
ROYALTIES,319
DRILLS,319
TRASHINESS,319
ABSENTEE,319
SHUMPERT,319
POWELL,319
HANS,318
GUILLOTINES,318
KANNA,318
HENSON,318
HOWELL,318
AUDREY,318
UMBREON,318
CIRI,318
MADMAN,317
GUIDO,317
FRONTRUNNER,317
STAGGERING,317
FOREFATHERS,317
SCULPTING,317
TETON,316
WARMS,316
JIMMYS,316
TORONTOS,316
14-YEAR-OLD,316
JEN,316
MACKIE,316
NADER,316
DONNA,315
PRO-TRUMP,315
ESPNS,315
65000,315
SACRAMENTO,315
42F,315
KAWAII,315
CHANCLA,314
700K,314
KAMALAS,314
DHS,314
RUNECRAFTING,313
DNCS,313
30X30,312
BOOKER,312
GLOBALISM,312
BLKS,312
AYTON,312
SERGE,312
INFIGHTING,312
POLLS,312
POWS,312
ARTEEZY,312
SHANTY,312
BARRS,311
DARWINS,311
CRIMSONS,311
RAINIER,311
KEMBA,311
PALESTINIAN,311
CHUDS,311
HUFFPOST,310
IMPEACH,310
BALLOT,310
RCHAPOTRAPHOUSE,310
COSPLAYS,309
DECIBELS,309
PARRA,309
MACRON,309
538,309
BOGDANOVIC,309
ADMINISTRATION,309
ABDUL-JABBAR,309
LAYOFFS,308
WHOLESOMEMEMES,308
CHAINMAIL,308
SEN,308
GIANNIS,308
FENTANYL,308
CAIN,307
HAWLEY,307
RONDO,307
FRAUDULENT,307
LAURI,307
INDICTMENTS,306
AVERAGED,306
OPAL,306
CHANT,306
1453,306
CARTELS,306
HARDING,306
LOBBYIST,306
AHAMKARA,306
WAGNER,305
HYDRANGEAS,305
CIOCCOLATA,305
TARIFFS,305
FABRICATE,305
DURHAM,304
MCCAW,304
JIN,304
DERANGEMENT,304
DERRICK,304
DENIER,304
ABC,304
HOENN,303
3000X4000,303
HIGHLAND,303
BOUGH,303
KARS,303
SUPPRESSION,303
1536X2048,303
LIEU,303
SENATORS,303
DOXXED,303
CONLEY,303
SWALWELL,303
MAXINE,303
ANTI-MUSLIM,302
ERUPTS,302
ORGANIZERS,302
KANG,302
CHRISTINE,302
1-1,302
KENNETH,302
SMOL,302
NEWELL,302
BREAKABLE,302
REM,301
ZAI,301
NYA,301
PAGEANTS,301
VEX,301
REPORTEDLY,301
MILFORD,301
PEYTO,301
VANDALIZE,300
GILLIBRAND,300
NBACOM,300
DECLASSIFIED,299
SPURS,299
DIXON,299
PHALANX,299
BARRON,299
ORWELL,299
SYPHILIS,299
STROMBOLI,299
ELECTORAL,299
ANTI-SEMITE,299
ROBERTSON,299
DUDLEY,298
TNT,298
CLOWNWORLD,298
CHINCHILLA,298
OMITTED,298
LIBS,298
TENURE,298
MIGRANTS,298
PEELY,298
HAHAHAHAHAHAHAHA,298
SLAMS,298
FINED,297
SECRETARY,297
PRIORITIES,297
SCULPTED,297
APPREHENDED,297
C9,297
OTTERS,297
TENDON,297
FRONTAL,297
BLAZERS,296
JUMBOTRON,296
YUMA,296
WOOLOO,296
BOLSONARO,296
LEFTIES,296
GONK,296
PROBE,296
BEHEAD,296
RAYQUAZA,295
GUTEN,295
CUOMO,295
SAUNDERS,295
FG,295
MORPHINE,295
HOSIDIUS,295
HALF-ELF,295
DIO,295
BROGDON,294
LIBEL,294
MUDKIP,294
ZERMATT,294
DOXXING,294
DENOUNCE,294
ARRESTS,294
VALKORION,294
UNFORGIVABLE,294
GROUCH,294
TABLED,293
POMPEII,293
CURSEDDOG,293
BURIES,293
GENOCIDAL,293
CHICAGOS,292
TOPSON,292
AIDE,292
MULES,292
YALE,292
MILLSAP,292
SURGING,291
INVERSION,291
HIGH-SPEED,291
BOOTLICKER,291
KEK,291
BITCHUTE,291
BAKLAVA,290
FINISHES,290
ICES,290
UNCIVILIZED,290
PITTIE,290
BIPPITY,289
VITILIGO,289
PHONG,289
CHEESESTEAK,289
SURGES,289
RHODEY,289
TRANSPARENCY,289
SOLOMON,288
ERIS,288
LEGISLATIVE,288
ENDORSED,288
PESCI,288
SPOKESMAN,287
ANTI-CHRISTIAN,287
HUMANITARIAN,287
ACCUSES,287
KRASSENSTEIN,287
THEMUELLER,287
DISQUALIFIED,286
600K,286
BERKELEY,286
HAHAHAHAHAHA,286
EMMY,286
QUI-GON,286
AIDES,286
CROFT,286
1936,286
THICCOCHET,285
WWI,285
CONDONING,285
TUCKERS,285
TORTLE,285
CO-CONSPIRATOR,285
TAXPAYERS,285
2048X1365,285
LUNATICS,285
AIRJAB,285
FASH,285
ONIX,285
BETTE,284
BERNESE,284
HUZZAH,284
INTENDS,284
FEDS,284
CHIK-FIL-A,284
RACCOON,284
RALLY,284
TORVESTA,283
GELLER,283
PHOTOBOMB,283
4096,283
FTS,283
REPUBLICAN,283
LUCAS7YOSHI,283
RESCINDED,283
EPSTEIN,283
MADLASS,282
OBAMA,282
LEOPARDS,282
SNORLAX,282
RUSSELL,282
DISTRICTS,282
BACKFIRES,282
CONDEMNING,281
SALVADOR,281
FIBA,281
FAN-ART,281
RUBIO,281
REUNITED,281
WAKEY,281
VINCE,281
WADES,281
BUZZER,281
LYIN,281
FARLANDS,281
WRONGDOING,281
INTERIM,281
EXECUTIVE,280
SDCC,280
ANTONIO,280
INSURRECTION,280
LOBBYISTS,280
SYNAGOGUE,280
THUGS,280
OBAMA-ERA,280
CHARIOT,279
GOP,279
ORA,279
ACQUIRES,279
FENNEC,279
MIGRANT,279
CHELSEA,279
CORRUPT,279
PILGRIMAGE,279
TERRY,279
YORKS,279
NEVERFORGET,278
OSMAN,278
KEV,278
CATIO,278
CONDEMN,278
ROGEN,278
KA-CHOW,278
LIBRARYS,278
ROC,278
FATHER-SON,278
GRIFFIN,277
NANKING,277
INSTALLS,277
THISS,277
B-BUT,277
MELTY,277
SHIGECHI,277
TIMBERWOLVES,277
ANTI-SEMITISM,277
ROCKYS,276
XXIF,276
COMICCON,276
BUZZFEEDS,276
ORCHESTRATED,276
BETOS,276
GRIFFINS,276
1776,276
SPRITES,276
GUAIDO,276
CZAR,276
COMICON,276
REKKLES,275
VP,275
CUCKS,275
COORDINATING,275
FASCISTS,275
CONSTITUENTS,275
ALLEGES,275
KAITLIN,275
PALLETS,275
WHOLSOME,275
JACOBIN,274
MID-SEASON,274
QUARANTINES,274
COORDINATED,274
CARREY,274
WINGSPAN,274
BOLSHEVIK,274
ENRICH,274
SPIDEYS,274
ROWE,274
GHAST,274
SWITCHEROO,274
BANFF,274
MADDOW,274
ELVEN,273
LIVID,273
UNCONSTITUTIONAL,273
SIXERS,273
PARTISAN,273
CENTRISTS,273
YANKS,273
DEROZAN,273
CONSTITUTIONAL,273
MEMPHIS,273
NARRATIVE,273
RMARVELSTUDIOS,272
BAMBOOZLES,272
SPADE,272
FREDO,272
DEMOCRATICALLY,272
APPOINTED,272
PKER,272
SIMO,272
TORADORA,272
158,272
MISTAKING,272
PROHIBITS,272
OBUMMER,271
GUATEMALA,271
KYRGYZSTAN,271
CAUTIOUSLY,271
PICKPOCKET,271
WEINERS,271
REFORMATION,271
F-35,271
GUATEMALAN,271
EMPANADAS,271
INDOCTRINATION,270
CONSPIRATORS,270
ACTIVIST,270
BIDENS,270
JAGEXS,270
SHOCKER,270
USELESSNESS,270
ZIMMERMAN,270
REUTERS,270
MARCUS,270
AUSCHWITZ,269
GIRLE,269
PROTESTER,269
GRACEFUL,269
JIMMER,269
MOLYNEUX,269
SORELY,269
NYU,269
ILLEGALLY,269
PILOU,269
CURSEDSCHOOL,269
BARACK,269
JIHADI,268
PROUDLY,268
CELLMATE,268
ANTI-GUN,268
RUSSELLS,267
DARBY,267
TWEETED,267
GEDI-KOR,267
HAMMONDS,267
EXI-,267
CASTRO,267
LIFE-SIZE,267
JABARI,267
DEGENERACY,267
HEARINGS,267
1A,267
JOSHU,267
CUNNINGHAM,266
ANTIFAS,266
FINALIZING,266
BRETT,266
NBC,266
TATUM,266
MARSHAL,266
NARROWS,266
HISPANICS,266
SUPERMAX,266
DIARIES,266
DECLASSIFICATION,266
AWARD-WINNING,266
CALIBUR,266
ATTENDEES,266
BYE-BYE,266
SORCERESS,266
MEDINA,266
BOCCHI,265
GUYSE,265
HYPOCRISY,265
DEMANDS,265
PAINE,265
RODMAN,265
45TH,265
DON,265
JAHLIL,265
GAPPY,264
234,264
THEDONALD,264
ASG,263
SHUFFLES,263
CURSEDMOM,263
DRAGIC,263
DWYANE,263
UNDERMINING,263
ISLAMIC,263
PARKLAND,263
SUBPOENA,263
ANTITRUST,263
STREISAND,263
CABAL,263
PHB,263
STRIPPED,263
SAMOYED,262
BOOKERS,262
SENATE,262
KUWAIT,262
GANACHE,262
TOMI,262
VIDOC,262
BOYES,262
CENSORS,262
CONSIDERATIONS,262
SPLOOSH,262
QAEDA,262
PROSECUTED,262
FF,262
SEIZED,262
KUNKKA,261
ANTI-SEMITIC,261
PEDIATRIC,261
BLONDIE,261
MORPHIN,261
MERCILESS,261
RAMIREZ,261
196,260
ZA,260
DENOUNCES,260
35000,260
FAKER,260
BLASTS,260
WARTHOG,260
PONCHO,260
ABRAMS,260
NIGERIANS,260
COLLINS,260
POKEFUSION,260
0-0,260
EMANUEL,260
BRIGHTENS,260
FEDERAL,260
ASYLUM,260
KLAY,260
CAMPAIGNING,259
EXECUTIVES,259
SMUGGLERS,259
DOKKAEBI,259
0-2,259
ARYAN,259
CLAY,259
RODNEY,259
THOMPSONS,259
WHOOPI,259
DEGENERATES,259
DOXX,259
DOCS,259
THICKENS,259
SCORING,259
13000,259
PIONEERS,259
APPOINT,258
EMBROIDERY,258
DISAVOW,258
HUSKIES,258
MOHER,258
TWEETING,258
POMSKY,258
BREAKDANCING,258
DRUMMOND,257
DAHLIAS,257
WAIVE,257
DETONATION,257
CLEMSON,257
WASHINGTONS,257
CIRCUIT,257
IRANIAN,257
DISARMED,257
RTHEMUELLER,257
RICOCHET,257
CONDEMNS,257
2019-20,257
ADORABLY,257
15-YEAR-OLD,257
WELDED,256
ALOLAN,256
TOTORO,256
RSNEAKERS,256
HEADGEAR,256
LUGIA,256
OVERJOYED,256
CURSEDINCEST,256
PANZER,256
BENCHED,256
EK,256
ICELANDIC,256
ABBOTT,256
PYLE,256
ISAIAH,256
BOYE,256
COMRADE,255
SLASHED,255
HAMISH,255
SICKENING,255
FLYTRAP,255
6-YEAR-OLD,255
BONGINO,255
GREENWALD,255
BRIEFING,255
CARVING,254
INDICATIONS,254
D4C,254
TROG,254
PLANTATION,254
VALKYRIES,254
OLGA,254
RALLIES,254
PLEADS,253
LAVINE,253
REVEREND,253
BERTANS,253
ULYSSES,253
CURSEDREPLY,253
MCCOLLUM,253
ROTTWEILER,253
DRUGGING,253
GDAY,253
SLAVEOWNERS,253
CRAZED,253
REELECTION,253
GREAVES,253
KNITTED,253
POL,253
ASSAULTING,253
KUKU,253
12-YEAR-OLD,252
CONTRAPOINTS,252
MATEY,252
PLUMLEE,252
TOCK,252
AHMED,252
ROX,252
SURRENDERED,252
CUB,252
CARMELO,252
MATA,252
AAP,252
SIDE-BY-SIDE,252
BOAH,251
DONCIC,251
75TH,251
HARDENS,251
LINDA,251
SEAWORTH,251
WINCEST,251
BEAL,251
CONFIRMS,251
FREDERICK,251
LACS,251
PJ,251
DISGRACE,251
AWAIT,251
AR-15,250
EKS,250
MARKELLE,250
PRESIDENT,250
MYLES,250
RHUMANSBEINGBROS,250
PERPETUATED,250
RWHITEPEOPLETWITTER,250
FRENS,250
FNC,250
MADEIRA,250
JJ,250
ENDORSES,250
MUSLIM,249
FOUL,249
TRAITORS,249
MARTYR,249
JRUE,249
BARRICADES,249
VALERIE,249
SHUCKS,249
CONFISCATION,249
------,249
CURSEDDICK,249
PARTICIPATES,249
MOONRISE,249
LUKAS,249
DISARM,249
COLUMNIST,249
LAURA,249
TAPPER,249
LEFT-WING,249
ACCUSERS,249
5-YEAR-OLD,249
DIRKS,248
WALTON,248
TWEET,248
TIL,248
CORRUPTION,248
NUH,248
BRALESS,248
JUDICIARY,248
BRYCE,248
